{"mkv_raw_read_10mb_ms": 5.146200000126555, "svx_index_parse_ms": 4398.062500000378, "svx_header_size": 149, "svx_stream_10mb_ms": 12.538499999664054, "svx_seek_1gb_ms": 2.824000000146043}